Workbook

Sheet KPI Summary
B2: KPI Summary
B4: Historical Olist data. Rates use delivered orders with both delivery dates available.
G5: Reconciliation to SQL
B6: Metric | C6: Value | E6: Definition | G6: Metric | H6: Excel | I6: SQL reference | J6: Difference
B7: Delivered orders | C7: =SUM('Monthly Delivery'!C7:C29) -> 96478 | E7: All orders with delivered status. | G7: Delivered orders | H7: =C7 -> 96478 | I7: 96478 | J7: =H7-I7 -> 0
B8: Unknown timeliness | C8: =SUM('Monthly Delivery'!D7:D29) -> 8 | E8: Delivered orders missing a delivery date. | G8: Eligible orders | H8: =C9 -> 96470 | I8: 96470 | J8: =H8-I8 -> 0
B9: Eligible delivered orders | C9: =SUM('Monthly Delivery'!E7:E29) -> 96470 | E9: Delivered orders with both delivery dates. | G9: Late orders | H9: =C10 -> 6534 | I9: 6534 | J9: =H9-I9 -> 0
B10: Late orders | C10: =SUM('Monthly Delivery'!F7:F29) -> 6534 | E10: Actual calendar date is after the estimate. | G10: On-time orders | H10: =C11 -> 89936 | I10: 89936 | J10: =H10-I10 -> 0
B11: On-time orders | C11: =SUM('Monthly Delivery'!G7:G29) -> 89936 | E11: Actual date is on or before the estimate. | G11: Unknown timeliness | H11: =C8 -> 8 | I11: 8 | J11: =H11-I11 -> 0
B12: Late-delivery rate | C12: =IF(C9=0,"",C10/C9) -> 0.067730901 | E12: Late orders divided by eligible orders. | G12: Late rate | H12: =ROUND(C12*100,2)/100 -> 0.0677 | I12: 0.0677 | J12: =H12-I12 -> 0
B13: On-time delivery rate | C13: =IF(C9=0,"",C11/C9) -> 0.9322691 | E13: On-time orders divided by eligible orders.
B14: Average delivery days | C14: 12.56 | E14: Elapsed purchase-to-receipt time, from SQL.
B15: Median delivery days | C15: 10.22 | E15: Middle purchase-to-receipt duration, from SQL. | G15: Rates rounded to SQL precision.
G16: Differences should equal zero.
B18: Findings to investigate
B20: Monthly peak | C20: Mar 2018 | E20: 18.96% late among 7,003 eligible orders.
B21: Regional focus | C21: RJ and SP | E21: Together account for 50.73% of late orders.
B22: Review timing | C22: Both samples | E22: The rating gap is smaller after receipt.
B25: Findings describe the exported snapshot. They do not establish causes or achieved improvements.

Sheet Monthly Delivery
B2: Monthly Delivery
B4: Counts imported from monthly_delivery_performance.csv. Rates and differences are Excel formulas.
B6: Purchase month | C6: Delivered | D6: Unknown dates | E6: Eligible orders | F6: Late orders | G6: On-time orders | H6: Late rate | I6: Vs overall (pp)
B7: 42614 | C7: 1 | D7: 0 | E7: 1 | F7: 1 | G7: 0 | H7: =IF(E7=0,"",F7/E7) -> 1 | I7: =IF(E7=0,"",(H7-'KPI Summary'!$C$12)*100) -> 93.22691
B8: 42644 | C8: 265 | D8: 0 | E8: 265 | F8: 2 | G8: 263 | H8: =IF(E8=0,"",F8/E8) -> 0.0075471698 | I8: =IF(E8=0,"",(H8-'KPI Summary'!$C$12)*100) -> -6.0183731
B9: 42705 | C9: 1 | D9: 0 | E9: 1 | F9: 0 | G9: 1 | H9: =IF(E9=0,"",F9/E9) -> 0 | I9: =IF(E9=0,"",(H9-'KPI Summary'!$C$12)*100) -> -6.7730901
B10: 42736 | C10: 750 | D10: 0 | E10: 750 | F10: 22 | G10: 728 | H10: =IF(E10=0,"",F10/E10) -> 0.029333333 | I10: =IF(E10=0,"",(H10-'KPI Summary'!$C$12)*100) -> -3.8397567
B11: 42767 | C11: 1653 | D11: 0 | E11: 1653 | F11: 49 | G11: 1604 | H11: =IF(E11=0,"",F11/E11) -> 0.029643073 | I11: =IF(E11=0,"",(H11-'KPI Summary'!$C$12)*100) -> -3.8087828
B12: 42795 | C12: 2546 | D12: 0 | E12: 2546 | F12: 116 | G12: 2430 | H12: =IF(E12=0,"",F12/E12) -> 0.045561665 | I12: =IF(E12=0,"",(H12-'KPI Summary'!$C$12)*100) -> -2.2169235
B13: 42826 | C13: 2303 | D13: 0 | E13: 2303 | F13: 151 | G13: 2152 | H13: =IF(E13=0,"",F13/E13) -> 0.065566652 | I13: =IF(E13=0,"",(H13-'KPI Summary'!$C$12)*100) -> -0.21642486
B14: 42856 | C14: 3546 | D14: 1 | E14: 3545 | F14: 106 | G14: 3439 | H14: =IF(E14=0,"",F14/E14) -> 0.029901269 | I14: =IF(E14=0,"",(H14-'KPI Summary'!$C$12)*100) -> -3.7829631
B15: 42887 | C15: 3135 | D15: 0 | E15: 3135 | F15: 95 | G15: 3040 | H15: =IF(E15=0,"",F15/E15) -> 0.03030303 | I15: =IF(E15=0,"",(H15-'KPI Summary'!$C$12)*100) -> -3.742787
B16: 42917 | C16: 3872 | D16: 0 | E16: 3872 | F16: 108 | G16: 3764 | H16: =IF(E16=0,"",F16/E16) -> 0.027892562 | I16: =IF(E16=0,"",(H16-'KPI Summary'!$C$12)*100) -> -3.9838339
B17: 42948 | C17: 4193 | D17: 0 | E17: 4193 | F17: 122 | G17: 4071 | H17: =IF(E17=0,"",F17/E17) -> 0.029096113 | I17: =IF(E17=0,"",(H17-'KPI Summary'!$C$12)*100) -> -3.8634788
B18: 42979 | C18: 4150 | D18: 0 | E18: 4150 | F18: 182 | G18: 3968 | H18: =IF(E18=0,"",F18/E18) -> 0.043855422 | I18: =IF(E18=0,"",(H18-'KPI Summary'!$C$12)*100) -> -2.3875479
... B25: 43191 | C25: 6798 | D25: 0 | E25: 6798 | F25: 306 | G25: 6492 | H25: =IF(E25=0,"",F25/E25) -> 0.045013239 | I25: =IF(E25=0,"",(H25-'KPI Summary'!$C$12)*100) -> -2.2717662
B26: 43221 | C26: 6749 | D26: 0 | E26: 6749 | F26: 443 | G26: 6306 | H26: =IF(E26=0,"",F26/E26) -> 0.065639354 | I26: =IF(E26=0,"",(H26-'KPI Summary'!$C$12)*100) -> -0.20915468 | K26: Purchase month | L26: Late rate | M26: Overall rate
B27: 43252 | C27: 6099 | D27: 3 | E27: 6096 | F27: 71 | G27: 6025 | H27: =IF(E27=0,"",F27/E27) -> 0.011646982 | I27: =IF(E27=0,"",(H27-'KPI Summary'!$C$12)*100) -> -5.6083919 | K27: =TEXT(B10,"mmm yy") -> Jan 17 | L27: =H10 -> 0.029333333 | M27: ='KPI Summary'!$C$12 -> 0.067730901
B28: 43282 | C28: 6159 | D28: 3 | E28: 6156 | F28: 208 | G28: 5948 | H28: =IF(E28=0,"",F28/E28) -> 0.033788174 | I28: =IF(E28=0,"",(H28-'KPI Summary'!$C$12)*100) -> -3.3942727 | K28: =TEXT(B11,"mmm yy") -> Feb 17 | L28: =H11 -> 0.029643073 | M28: ='KPI Summary'!$C$12 -> 0.067730901
B29: 43313 | C29: 6351 | D29: 0 | E29: 6351 | F29: 393 | G29: 5958 | H29: =IF(E29=0,"",F29/E29) -> 0.061880019 | I29: =IF(E29=0,"",(H29-'KPI Summary'!$C$12)*100) -> -0.58508819 | K29: =TEXT(B12,"mmm yy") -> Mar 17 | L29: =H12 -> 0.045561665 | M29: ='KPI Summary'!$C$12 -> 0.067730901
K30: =TEXT(B13,"mmm yy") -> Apr 17 | L30: =H13 -> 0.065566652 | M30: ='KPI Summary'!$C$12 -> 0.067730901
B31: Total | C31: =SUM(C7:C29) -> 96478 | D31: =SUM(D7:D29) -> 8 | E31: =SUM(E7:E29) -> 96470 | F31: =SUM(F7:F29) -> 6534 | G31: =SUM(G7:G29) -> 89936 | H31: =IF(E31=0,"",F31/E31) -> 0.067730901 | K31: =TEXT(B14,"mmm yy") -> May 17 | L31: =H14 -> 0.029901269 | M31: ='KPI Summary'!$C$12 -> 0.067730901
K32: =TEXT(B15,"mmm yy") -> Jun 17 | L32: =H15 -> 0.03030303 | M32: ='KPI Summary'!$C$12 -> 0.067730901
K33: =TEXT(B16,"mmm yy") -> Jul 17 | L33: =H16 -> 0.027892562 | M33: ='KPI Summary'!$C$12 -> 0.067730901
B34: 2016 cohorts are sparse. The chart shows Jan 2017-Aug 2018; all cohorts remain in this table. | K34: =TEXT(B17,"mmm yy") -> Aug 17 | L34: =H17 -> 0.029096113 | M34: ='KPI Summary'!$C$12 -> 0.067730901
K35: =TEXT(B18,"mmm yy") -> Sep 17 | L35: =H18 -> 0.043855422 | M35: ='KPI Summary'!$C$12 -> 0.067730901
K36: =TEXT(B19,"mmm yy") -> Oct 17 | L36: =H19 -> 0.041759714 | M36: ='KPI Summary'!$C$12 -> 0.067730901
K37: =TEXT(B20,"mmm yy") -> Nov 17 | L37: =H20 -> 0.12403952 | M37: ='KPI Summary'!$C$12 -> 0.067730901
K38: =TEXT(B21,"mmm yy") -> Dec 17 | L38: =H21 -> 0.074551061 | M38: ='KPI Summary'!$C$12 -> 0.067730901
K39: =TEXT(B22,"mmm yy") -> Jan 18 | L39: =H22 -> 0.057009478 | M39: ='KPI Summary'!$C$12 -> 0.067730901
K40: =TEXT(B23,"mmm yy") -> Feb 18 | L40: =H23 -> 0.14126621 | M40: ='KPI Summary'!$C$12 -> 0.067730901
K41: =TEXT(B24,"mmm yy") -> Mar 18 | L41: =H24 -> 0.18963301 | M41: ='KPI Summary'!$C$12 -> 0.067730901
K42: =TEXT(B25,"mmm yy") -> Apr 18 | L42: =H25 -> 0.045013239 | M42: ='KPI Summary'!$C$12 -> 0.067730901
K43: =TEXT(B26,"mmm yy") -> May 18 | L43: =H26 -> 0.065639354 | M43: ='KPI Summary'!$C$12 -> 0.067730901
K44: =TEXT(B27,"mmm yy") -> Jun 18 | L44: =H27 -> 0.011646982 | M44: ='KPI Summary'!$C$12 -> 0.067730901
K45: =TEXT(B28,"mmm yy") -> Jul 18 | L45: =H28 -> 0.033788174 | M45: ='KPI Summary'!$C$12 -> 0.067730901
K46: =TEXT(B29,"mmm yy") -> Aug 18 | L46: =H29 -> 0.061880019 | M46: ='KPI Summary'!$C$12 -> 0.067730901

Sheet Regional Performance
B2: Regional Performance
B4: Counts imported from regional_delivery_performance.csv. Destination codes refer to customers.
B6: Destination | C6: Delivered | D6: Unknown dates | E6: Eligible orders | F6: Late orders | G6: On-time orders | H6: Late rate
B7: AL | C7: 397 | D7: 0 | E7: 397 | F7: 85 | G7: 312 | H7: =IF(E7=0,"",F7/E7) -> 0.21410579
B8: MA | C8: 717 | D8: 0 | E8: 717 | F8: 125 | G8: 592 | H8: =IF(E8=0,"",F8/E8) -> 0.17433752
B9: SE | C9: 335 | D9: 0 | E9: 335 | F9: 51 | G9: 284 | H9: =IF(E9=0,"",F9/E9) -> 0.15223881
B10: PI | C10: 476 | D10: 0 | E10: 476 | F10: 66 | G10: 410 | H10: =IF(E10=0,"",F10/E10) -> 0.13865546
B11: CE | C11: 1279 | D11: 0 | E11: 1279 | F11: 176 | G11: 1103 | H11: =IF(E11=0,"",F11/E11) -> 0.13760751
B12: RR | C12: 41 | D12: 0 | E12: 41 | F12: 5 | G12: 36 | H12: =IF(E12=0,"",F12/E12) -> 0.12195122
B13: BA | C13: 3256 | D13: 0 | E13: 3256 | F13: 396 | G13: 2860 | H13: =IF(E13=0,"",F13/E13) -> 0.12162162
B14: RJ | C14: 12350 | D14: 0 | E14: 12350 | F14: 1495 | G14: 10855 | H14: =IF(E14=0,"",F14/E14) -> 0.12105263
B15: PA | C15: 946 | D15: 0 | E15: 946 | F15: 106 | G15: 840 | H15: =IF(E15=0,"",F15/E15) -> 0.11205074
B16: ES | C16: 1995 | D16: 0 | E16: 1995 | F16: 214 | G16: 1781 | H16: =IF(E16=0,"",F16/E16) -> 0.10726817
B17: PB | C17: 517 | D17: 0 | E17: 517 | F17: 54 | G17: 463 | H17: =IF(E17=0,"",F17/E17) -> 0.10444874
B18: TO | C18: 274 | D18: 0 | E18: 274 | F18: 27 | G18: 247 | H18: =IF(E18=0,"",F18/E18) -> 0.098540146
... B25: MT | C25: 886 | D25: 0 | E25: 886 | F25: 53 | G25: 833 | H25: =IF(E25=0,"",F25/E25) -> 0.059819413
B26: DF | C26: 2080 | D26: 0 | E26: 2080 | F26: 118 | G26: 1962 | H26: =IF(E26=0,"",F26/E26) -> 0.056730769 | J26: Overall rate | L26: ='KPI Summary'!$C$12 -> 0.067730901
B27: MG | C27: 11354 | D27: 0 | E27: 11354 | F27: 519 | G27: 10835 | H27: =IF(E27=0,"",F27/E27) -> 0.045710763
B28: SP | C28: 40501 | D28: 7 | E28: 40494 | F28: 1820 | G28: 38674 | H28: =IF(E28=0,"",F28/E28) -> 0.04494493 | J28: Compare percentages with eligible counts and late-order volume.
B29: PR | C29: 4923 | D29: 0 | E29: 4923 | F29: 199 | G29: 4724 | H29: =IF(E29=0,"",F29/E29) -> 0.040422507 | J29: Small populations can produce unstable rankings.
B30: AC | C30: 80 | D30: 0 | E30: 80 | F30: 3 | G30: 77 | H30: =IF(E30=0,"",F30/E30) -> 0.0375
B31: AP | C31: 67 | D31: 0 | E31: 67 | F31: 2 | G31: 65 | H31: =IF(E31=0,"",F31/E31) -> 0.029850746
B32: RO | C32: 243 | D32: 0 | E32: 243 | F32: 7 | G32: 236 | H32: =IF(E32=0,"",F32/E32) -> 0.028806584
B33: AM | C33: 145 | D33: 0 | E33: 145 | F33: 4 | G33: 141 | H33: =IF(E33=0,"",F33/E33) -> 0.027586207
B35: Total | C35: =SUM(C7:C33) -> 96478 | D35: =SUM(D7:D33) -> 8 | E35: =SUM(E7:E33) -> 96470 | F35: =SUM(F7:F33) -> 6534 | G35: =SUM(G7:G33) -> 89936 | H35: =IF(E35=0,"",F35/E35) -> 0.067730901

Sheet Customer Satisfaction
B2: Customer Satisfaction
B4: Latest selected review per order. Low ratings are scores 1 or 2. Samples overlap.
B5: All latest reviews
B6: Timeliness | C6: Reviewed orders | D6: Mean rating | E6: Low ratings | F6: Low-rating rate
B7: On time | C7: 89443 | D7: 4.29 | E7: 8289 | F7: =IF(C7=0,"",E7/C7) -> 0.092673546
B8: Late | C8: 6381 | D8: 2.27 | E8: 3983 | F8: =IF(C8=0,"",E8/C8) -> 0.62419683
B12: Answered on/after delivery
B13: Timeliness | C13: Reviewed orders | D13: Mean rating | E13: Low ratings | F13: Low-rating rate
B14: On time | C14: 89263 | D14: 4.29 | E14: 8258 | F14: =IF(C14=0,"",E14/C14) -> 0.092513135
B15: Late | C15: 1908 | D15: 3.72 | E15: 371 | F15: =IF(C15=0,"",E15/C15) -> 0.19444444
B19: Chart data
B20: Review sample | C20: On time | D20: Late
B21: All latest | C21: =D7 -> 4.29 | D21: =D8 -> 2.27
B22: On/after receipt | C22: =D14 -> 4.29 | D22: =D15 -> 3.72
B25: The restricted sample excludes reviews answered before receipt, using exact timestamps.
B26: The difference is an association. Product, seller and other order characteristics are not controlled.

Sheet Data Dictionary
B2: Data Dictionary
B4: Dataset source | C4: https://www.kaggle.com/datasets/olistbr/brazilian-ecommerce
B6: Field or metric | C6: Meaning and calculation | D6: Source or ownership
B7: order_id | C7: Unique order identifier. One source row represents one order. | D7: olist_orders_dataset.csv
B8: customer_id | C8: Key used to add customer destination to an order. | D8: orders and customers CSV files
B9: order_status | C9: Delivery analysis includes only delivered orders. | D9: olist_orders_dataset.csv
B10: order_purchase_timestamp | C10: Purchase time; its month defines the monthly cohort. | D10: olist_orders_dataset.csv
B11: order_delivered_customer_date | C11: Recorded receipt timestamp. Missing values remain unknown. | D11: olist_orders_dataset.csv
B12: order_estimated_delivery_date | C12: Date used to classify calendar-date timeliness. | D12: olist_orders_dataset.csv
B13: customer_state | C13: Customer destination state or Federal District code. | D13: olist_customers_dataset.csv
B14: review_score | C14: Rating from 1 to 5. Scores 1-2 are defined here as low. | D14: olist_order_reviews_dataset.csv
B15: review_answer_timestamp | C15: Used for latest-review selection and review timing. | D15: olist_order_reviews_dataset.csv
B16: Latest review | C16: Latest answer, then creation timestamp, then review ID. Ties are checked. | D16: 08_review_data_quality.sql
B17: Delivered and eligible counts | C17: SQL counts are imported into each analysis sheet. | D17: delivery_summary and monthly exports
... B29: Workbook inputs | C29: Aggregate counts and means imported from validated CSV/JSON outputs. | D29: data/processed/
B33: Refresh and interpretation
B35: SQL inputs | C35: Counts and mean scores are a snapshot of validated pipeline outputs.
B36: Excel formulas | C36: Teal text identifies formulas. Rates and totals update when their inputs change.
B37: Refresh | C37: Run the pipeline, replace matching input counts and means, and check reconciliations.
B38: Chart links | C38: Native Excel charts reference cells. Helper ranges keep labels and series inspectable.
B39: Scope | C39: Historical Brazilian data. Associations do not establish causes.
B40: Review samples | C40: Samples overlap. Do not add counts across the two samples.
B41: Snapshot findings | C41: Summary findings are written for this snapshot and need review after refresh.
B42: PivotTables | C42: No PivotTables are included. The guide provides exercises for creating them.
